,Title,Location,Area,Price,Beds,Baths
0,New Marlborough - House,harare west,2000,160000,4,2
2,Tynwald - House,harare west,200,40000,4,2
4,Eastlea - House,harare east,1095,290000,4,1
5,Borrowdale - House,harare north,2100,225000,4,2
6,Greystone Park - House,harare north,4047,794000,6,6
7,Zengeza - House,chitungwiza,800,15000,3,2
8,Aspindale Park - House,harare west,320,65000,4,2
10,Chegutu - House,chegutu,3000,70000,4,2
11,Hatfield - House,harare south,4064,185000,3,1
12,Zengeza - House,chitungwiza,510,44000,4,2
13,Ruwa - House,ruwa,400,48000,3,1
15,Madokero - House,harare west,411,90000,4,2
16,Sentosa - House,harare west,1500,150000,4,3
18,Glen View - House,harare high density,200,30000,5,1
22,Kumalo - House,bulawayo east,2500,235000,3,1
25,Greendale - House,harare east,6039,200000,3,2
26,Parklands - House,bulawayo east,1000,50000,2,1
31,Budiriro - House,harare high density,300,52000,4,1
36,"Msasa Park - House, House",harare south,507,78000,3,1
37,Southview Park - House,harare south,500,70000,6,2
39,Damofalls - House,damofalls,200,29000,5,2
47,Marimba Park - House,harare high density,1500,68000,6,2
48,Helensvale - House,harare north,3954,320000,3,2
49,Greystone Park - House,harare north,4292,320000,4,3
50,Ashdown Park - House,harare west,998,135000,3,2
60,Paddonhurst - House,bulawayo north,750,120000,3,1
65,Sandton Park - House,harare west,1631,80000,3,2
66,Glen View - House,harare high density,300,36000,5,1
69,Crowhill Views - House,harare north,1000,200000,4,2
71,Zimre Park - House,harare east,780,45000,4,2
77,Charlotte Brooke - House,harare north,1500,180000,4,3
78,Northend - House,bulawayo north,1137,95000,4,2
79,Eastlea - House,harare east,2000,550000,5,3
86,Crowborough - House,harare high density,300,55000,4,2
87,Mount Pleasant - House,harare north,3518,475000,4,2
90,Rockview - House,harare east,1109,75000,3,2
94,Sunridge - House,harare west,1353,160000,4,2
96,Budiriro - House,harare high density,300,42000,5,2
110,"Borrowdale Brooke - House, Townhouse Complex",harare north,414,460000,3,2
114,Norton - House,norton,2025,65000,3,2
116,Mt Pleasant Heights - House,harare west,2000,120000,3,1
118,Manyame Park - House,chitungwiza,200,23000,4,2
120,Upper Hillside - House,harare east,1729,210000,4,3
122,Tynwald - House,harare west,400,120000,4,3
123,Chitungwiza - House,chitungwiza,200,28000,4,1
126,Zengeza - House,chitungwiza,300,33000,3,1
127,Cold Comfort - House,harare west,2753,100000,3,1
129,"Avondale - House, Townhouse Complex",harare north,4000,220000,3,2
131,Helensvale - House,harare north,4695,650000,4,7
132,Chitungwiza - House,chitungwiza,200,26000,4,1
133,Cranborne - House,harare south,714,169500,3,2
135,Cold Comfort - House,harare west,490,35000,5,1
136,Kingsdale - House,bulawayo north,4046,51000,3,1
138,Shawasha Hills - House,harare north,8094,950000,6,6
140,Hatfield - House,harare south,2506,110000,4,2
143,Manyame Park - House,chitungwiza,200,40000,4,1
146,Cowdray Park - House,bulawayo high density,200,20000,3,2
147,Mount Pleasant - House,harare north,3279,300000,2,2
151,Helensvale - House,harare north,4046,498000,3,4
155,Magwegwe - House,bulawayo high density,200,35000,3,1
156,Madokero - House,harare west,450,115000,4,2
158,Mt Pleasant Heights - House,harare west,1800,210000,4,3
159,Kuwadzana - House,harare high density,300,20000,1,1
161,Old Windsor - House,ruwa,2000,135000,5,2
162,Budiriro - House,harare high density,336,28000,2,1
165,Ruwa - House,ruwa,400,120000,4,2
166,Crowhill Views - House,harare north,1000,55000,4,2
169,Cranborne - House,harare south,714,98000,3,2
171,Southview Park - House,harare south,240,25000,4,2
173,Tafara - House,harare high density,227,35000,4,1
175,Hatfield - House,harare south,2506,115000,3,2
178,Belgravia - House,harare north,3331,950000,6,5
180,Msasa Park - House,harare south,500,70000,3,2
183,Emganwini - House,bulawayo high density,350,26000,3,1
184,Greendale North - House,harare north,4048,360000,4,2
187,Ruwa - House,ruwa,300,95000,3,2
189,Windsor Park - House,ruwa,2000,135000,5,2
192,"Strathaven - House, Townhouse Complex",harare west,450,180000,4,2
195,Westgate - House,harare west,923,160000,4,2
196,Victoria Falls - House,victoria falls,772,80000,4,1
197,Warren Park - House,harare high density,250,55000,4,2
199,Ballantyne Park - House,harare north,4020,600000,4,3
201,Ruwa - House,ruwa,350,45000,4,2
204,Glen View - House,harare high density,200,35000,4,1
206,Glen Lorne - House,harare north,4200,280000,2,2
208,New Marlborough - House,harare west,1000,125000,3,2
212,Hogerty Hill - House,harare north,2400,450000,8,5
213,Budiriro - House,harare high density,320,23500,3,1
214,Msasa Park - House,harare south,350,90000,3,2
215,Selbourne Park - House,bulawayo east,1201,90000,3,2
216,Killarney - House,bulawayo east,8090,110000,4,2
217,Zengeza - House,chitungwiza,300,55000,4,2
222,Eastlea - House,harare east,2477,260000,4,2
223,Glen Lorne - House,harare north,3170,390000,5,5
225,Milton Park - House,harare west,2023,195000,3,4
226,Vainona - House,harare north,5069,380000,4,2
227,Mt Pleasant Heights - House,harare west,2000,200000,3,4
228,Old Windsor - House,ruwa,1075,75000,3,1
229,Masvingo - House,masvingo,2145,215000,6,6
230,Waterfalls - House,harare south,4048,120000,3,1
233,Marimba Park - House,harare high density,1200,75000,6,2
234,Ruwa - House,ruwa,300,50000,3,2
242,Madokero - House,harare west,420,100000,3,2
247,Sunningdale - House,harare high density,300,40000,4,1
248,Waterfalls - House,harare south,500,80000,4,2
251,"Matsheumhlope - House, House",bulawayo east,4047,150000,3,2
252,Old Windsor - House,ruwa,2000,140000,4,2
253,Matsheumhlope - House,bulawayo east,12237,190000,4,2
254,Chadcombe - House,harare south,4200,155000,4,2
258,Chadcombe - House,harare south,4200,150000,3,2
259,Rockview - House,harare east,960,40000,2,1
260,Waterfalls - House,harare south,4440,145000,4,2
261,Arlington - House,harare south,365,128000,4,2
263,"Greendale - House, Townhouse Complex",harare east,400,180000,4,4
271,Avondale - House,harare north,2074,350000,5,3
272,"Budiriro - House, House",harare high density,300,28000,2,1
273,Gunhill - House,harare north,2398,230000,4,3
274,"Crowborough - House, House",harare high density,200,28000,2,1
275,Fairview - House,harare west,1500,65000,5,1
276,Budiriro - House,harare high density,600,40000,5,2
277,Chitungwiza - House,chitungwiza,440,35000,3,1
278,Whitecliff - House,harare west,17000,270000,4,3
281,Kuwadzana - House,harare high density,148,45000,3,1
282,Chitungwiza - House,chitungwiza,504,45000,5,2
283,Budiriro - House,harare high density,300,37000,3,1
285,Tynwald - House,harare west,200,60000,4,2
286,Groom Bridge - House,harare north,4223,350000,4,2
289,Dzivarasekwa - House,harare high density,300,22000,1,1
291,Selbourne Park - House,bulawayo east,2000,195000,4,2
292,Madokero - House,harare west,340,130000,6,3
294,Zimre Park - House,harare east,960,115000,4,2
297,Kariba - House,kariba,1722,60000,3,2
298,Tiger's Kloof - House,mutare,2717,245000,5,3
299,Arcadia - House,harare south,811,90000,4,3
300,Northwood - House,harare north,6009,400000,4,3
301,Burnside - House,bulawayo east,4000,70000,3,1
303,Borrowdale Brooke - House,harare north,4000,1600000,5,5
304,Mount Pleasant - House,harare north,6009,400000,4,3
305,Southwold - House,bulawayo south,972,120000,3,1
306,Cotswold Hills - House,harare west,1011,140000,3,2
307,Quinnington - House,harare north,4000,395000,5,3
308,Gunhill - House,harare north,2398,255000,4,2
313,Cold Comfort - House,harare west,240,77000,4,2
314,Milton Park - House,harare west,1500,200000,4,2
316,Old Windsor - House,ruwa,4954,173000,3,2
317,"Victoria Falls - House, House",victoria falls,2835,395000,3,2
318,Greenside - House,mutare,35000,140000,3,2
319,Kambanji - House,harare north,4647,250000,2,1
320,Redcliff - House,redcliff,5101,60000,4,2
321,Budiriro - House,harare high density,282,45000,4,2
322,Avonlea - House,harare west,1259,160000,3,2
324,Woodlands Park - House,gweru,300,45000,4,2
329,Aspindale Park - House,harare west,400,70000,4,2
330,Chitungwiza - House,chitungwiza,300,38000,4,2
331,Haig Park - House,harare west,900,120000,3,1
333,Greystone Park - House,harare north,4000,280000,4,3
335,Mabelreign - House,harare west,920,85000,3,2
336,Eastlea - House,harare east,1000,220000,5,2
337,Northend - House,bulawayo north,1430,85000,4,3
338,Helensvale - House,harare north,15110,1500000,4,3
340,Mandara - House,harare east,4046,350000,3,2
341,Kuwadzana - House,harare high density,200,35000,3,2
342,Helensvale - House,harare north,15112,1500000,4,3
343,Mabelreign - House,harare west,900,110000,3,1
344,Ryelands - House,harare north,4111,800000,5,3
345,Whitecliff - House,harare west,450,60000,4,2
346,Philadelphia - House,harare north,2867,145000,3,3
347,Milton Park - House,harare west,2050,395000,5,3
351,Vainona - House,harare north,2300,400000,4,4
353,Zengeza - House,chitungwiza,300,27000,4,1
356,Southlea Park - House,harare south,300,16000,3,1
371,Chitungwiza - House,chitungwiza,300,35000,4,2
377,Philadelphia - House,harare north,4000,350000,3,2
379,Avonlea - House,harare west,1400,160000,3,2
380,Tynwald - House,harare west,687,80000,4,2
381,Bordervale - House,mutare,2000,180000,5,5
382,Marlborough - House,harare west,3330,180000,3,1
383,Hogerty Hill - House,harare north,2000,380000,5,4
384,Westgate - House,harare west,980,120000,2,2
385,Ashdown Park - House,harare west,998,135000,3,2
386,Glen Lorne - House,harare north,9400,415000,4,1
387,Chitungwiza - House,chitungwiza,270,23000,2,1
388,Manyame Park - House,chitungwiza,200,32000,3,2
390,Marlborough - House,harare west,2000,130000,5,2
391,Alexandra Park - House,harare north,2391,330000,4,3
392,Kuwadzana - House,harare high density,300,35000,3,1
393,Mabelreign - House,harare west,920,100000,3,1
395,Marondera - House,marondera,1200,70000,4,2
398,Shawasha Hills - House,harare north,1870,380000,6,5
399,Philadelphia - House,harare north,2867,140000,4,3
402,Mandara - House,harare east,4816,225000,3,2
411,Emerald Hill - House,harare west,5000,300000,3,2
412,Kuwadzana - House,harare high density,200,65000,4,2
413,Southview Park - House,harare south,240,55000,4,1
414,Aspindale Park - House,harare west,200,65000,3,2
415,"Aspindale Park - House, Townhouse Complex",harare west,200,48000,3,1
418,Tynwald - House,harare west,400,75000,4,2
419,Glen Lorne - House,harare north,4100,350000,5,3
421,Zengeza - House,chitungwiza,350,30000,6,1
423,Vainona - House,harare north,2200,320000,4,5
424,Marimba Park - House,harare high density,721,55000,4,2
425,Borrowdale West - House,harare north,2300,200000,5,3
426,Southlea Park - House,harare south,200,30000,4,1
428,Marlborough - House,harare west,2000,150000,3,2
430,Madokero - House,harare west,4004,104000,4,2
431,Nkulumane - House,bulawayo high density,512,45000,3,2
434,Chisipite - House,harare north,2050,587000,5,6
436,"Borrowdale - House, Townhouse Complex",harare north,2000,225000,4,2
437,"Aspindale Park - House, Townhouse Complex",harare west,200,70000,4,2
438,Southerton - House,harare south,672,65000,2,1
446,Ballantyne Park - House,harare north,4047,395000,5,3
447,Mabelreign - House,harare west,964,120000,3,1
449,Glen Norah - House,harare high density,212,40000,4,1
451,Prospect - House,harare south,800,150000,3,2
453,Msasa Park - House,harare south,451,78000,3,1
454,Murambi - House,mutare,6000,260000,4,2
455,Warren Park - House,harare high density,420,55000,5,2
457,Borrowdale - House,harare north,2867,140000,4,2
458,Suburbs - House,bulawayo east,2972,100000,3,1
469,Ruwa - House,ruwa,490,55000,4,2
477,Mabelreign - House,harare west,1000,93000,2,1
480,Mabelreign - House,harare west,1040,158000,3,2
483,Budiriro - House,harare high density,280,60000,3,1
490,Goromonzi - House,goromonzi,60705,790000,4,3
491,Vainona - House,harare north,5066,380000,5,3
492,Zimre Park - House,harare east,880,140000,5,4
493,Ashdown Park - House,harare west,998,135000,3,3
495,Glen Norah - House,harare high density,100,35000,5,1
496,Hillside - House,bulawayo south,3718,145000,5,3
498,Manyame Park - House,chitungwiza,200,24000,4,2
499,Glen Lorne - House,harare north,6397,550000,6,5
501,The Grange - House,harare north,4047,190000,4,1
503,Umwinsidale - House,harare north,31840,750000,3,2
504,Goodhope - House,harare west,2600,195000,4,3
505,Hillside - House,bulawayo south,3801,130000,4,2
507,Kuwadzana - House,harare high density,325,45000,6,1
511,Pumula South - House,bulawayo high density,326,30000,4,1
514,Mainway Meadows - House,harare south,526,85000,3,2
515,Zimre Park - House,harare east,488,65000,3,2
518,Mabvuku - House,harare high density,300,18000,2,1
521,Chitungwiza - House,chitungwiza,250,29000,4,2
526,"Newlands - House, Townhouse Complex",harare north,200,285000,3,2
527,Athlone - House,harare east,2619,230000,4,2
528,Warren Park - House,harare high density,200,45000,4,2
530,Domboshawa - House,domboshawa,1000,40000,3,2
532,Thorngrove - House,bulawayo cbd industrial,463,35000,3,1
536,New Marlborough - House,harare west,2000,180000,6,4
537,Aspindale Park - House,harare west,200,75000,3,2
541,Northlea - House,gweru,2246,70000,3,1
542,Kariba - House,kariba,3426,350000,5,5
547,Shawasha Hills - House,harare north,2100,380000,5,2
548,Chisipite - House,harare north,4000,835000,5,3
549,Haig Park - House,harare west,964,120000,3,1
553,Old Windsor - House,ruwa,109,35000,2,2
558,Hatfield - House,harare south,5625,199000,4,2
566,Mainway Meadows - House,harare south,544,100000,3,1
568,Victoria Falls - House,victoria falls,3432,630000,3,2
569,Borrowdale - House,harare north,3000,380000,8,7
574,"Greencroft - House, Townhouse Complex",harare west,8094,450000,3,2
575,Borrowdale - House,harare north,4316,1300000,5,5
583,Stoneridge - House,harare south,300,12000,1,1
586,Stoneridge - House,harare south,300,25000,4,1
589,Madokero - House,harare west,420,105000,4,2
590,Damofalls - House,damofalls,200,60000,4,2
592,Marlborough - House,harare west,8239,1150000,4,2
594,Budiriro - House,harare high density,300,40000,5,1
595,Zengeza - House,chitungwiza,200,15500,2,1
596,Southerton - House,harare south,800,70000,3,1
597,Ruwa - House,ruwa,300,50000,4,2
598,Suburbs - House,bulawayo east,744,200000,3,2
600,Morningside - House,bulawayo south,1875,90000,3,1
602,Aspindale Park - House,harare west,399,75000,4,1
606,Chegutu - House,chegutu,4047,90000,4,2
607,Hatfield - House,harare south,4047,150000,4,2
609,Chisipite - House,harare north,4195,835000,5,3
610,Greendale - House,harare east,2000,200000,3,2
613,Madokero - House,harare west,400,100000,4,2
614,"Mount Pleasant - House, Townhouse Complex",harare north,1300,295000,3,3
616,Westgate - House,harare west,980,120000,2,2
618,Aspindale Park - House,harare west,302,80000,4,3
619,Aspindale Park - House,harare west,160,68000,3,2
623,Ballantyne Park - House,harare north,4020,580000,4,4
624,Norton - House,norton,250,36000,4,1
625,Madokero - House,harare west,400,110000,4,3
628,Chitungwiza - House,chitungwiza,250,30000,5,2
629,Madokero - House,harare west,450,110000,4,2
630,Waterfalls - House,harare south,4149,140000,3,2
633,Famona - House,bulawayo south,1661,90000,3,1
634,Lochview - House,bulawayo east,8075,280000,3,2
635,Warren Park - House,harare high density,200,48000,4,2
636,Burnside - House,bulawayo east,4047,180000,4,3
638,Malindela - House,bulawayo south,2839,110000,3,1
639,Glen Norah - House,harare high density,350,35000,3,1
640,Burnside - House,bulawayo east,5338,530000,3,2
643,Marlborough - House,harare west,3300,180000,3,1
645,Ilanda - House,bulawayo east,2963,170000,3,2
646,Chitungwiza - House,chitungwiza,200,25000,4,1
648,Chitungwiza - House,chitungwiza,212,37000,3,1
650,Borrowdale - House,harare north,8837,845000,5,3
651,Morningside - House,bulawayo south,1815,130000,3,2
654,Chitungwiza - House,chitungwiza,200,35000,4,1
659,Ballantyne Park - House,harare north,4020,570000,4,3
662,Greystone Park - House,harare north,2180,350000,5,3
665,Chadcombe - House,harare south,4100,160000,3,1
667,Ruwa - House,ruwa,2318,60000,3,2
670,Southview Park - House,harare south,240,38000,4,2
675,Westgate - House,harare west,800,140000,3,1
677,Madokero - House,harare west,405,55000,4,2
678,"Waterfalls - House, Townhouse Complex",harare south,6500,130000,4,2
680,Zengeza - House,chitungwiza,300,45000,4,2
681,Mandara - House,harare east,4047,350000,7,3
682,Eastlea - House,harare east,1000,220000,5,2
684,Burnside - House,bulawayo east,4147,149000,3,2
690,Umwinsidale - House,harare north,31284,700000,3,2
694,Arcadia - House,harare south,268,45000,2,1
695,Parktown - House,harare south,1000,210000,4,2
696,Zimre Park - House,harare east,812,62000,3,2
697,Greystone Park - House,harare north,4047,550000,4,5
699,Mandara - House,harare east,4000,350000,6,3
702,Haig Park - House,harare west,964,100000,3,1
704,Glen View - House,harare high density,200,35000,5,1
705,Bradfield - House,bulawayo south,431,90000,3,1
706,Gletwin Park - House,harare north,3500,220000,4,5
707,Tafara - House,harare high density,800,21000,3,2
708,Tynwald - House,harare west,280,40000,4,2
710,Msasa Park - House,harare south,451,65000,3,1
713,Kumalo - House,bulawayo east,2718,160000,4,2
717,Parktown - House,harare south,4100,120000,3,2
720,Mainway Meadows - House,harare south,678,100000,4,2
727,Greystone Park - House,harare north,4171,550000,4,3
729,Greendale - House,harare east,9757,380000,2,2
734,Mvurwi - House,mvurwi,300,17000,5,2
739,Bindura - House,bindura,250,19000,2,1
749,Avondale - House,harare north,1743,220000,3,2
750,"Highlands - House, Townhouse Complex",harare north,495,295000,3,2
754,Ridgemont - House,gweru,4489,120000,4,2
755,Mount Pleasant - House,harare north,4000,450000,4,3
756,Dzivarasekwa - House,harare high density,200,25000,4,1
757,Murambi - House,mutare,4590,270000,3,3
761,Kuwadzana - House,harare high density,250,37000,5,1
762,Rolf Valley - House,harare north,4845,550000,4,3
763,Bluff Hill - House,harare west,500,120000,3,2
768,"Victoria Falls - House, Townhouse Complex",victoria falls,657,270000,5,6
769,Haig Park - House,harare west,920,85000,3,1
770,Woodville - House,bulawayo north,600,135000,4,3
771,Greendale - House,harare east,2000,220000,3,1
772,Murehwa - House,murehwa,1400,22000,2,2
773,Highfield - House,harare high density,349,35000,5,1
776,Cold Comfort - House,harare west,400,17000,3,1
778,Cold Comfort - House,harare west,2753,100000,3,1
783,Budiriro - House,harare high density,300,33000,3,2
784,Shawasha Hills - House,harare north,2000,380000,5,4
785,Sunridge - House,harare west,1029,125000,3,1
786,Hatfield - House,harare south,5000,115000,2,1
788,Ruwa - House,ruwa,812,60000,3,2
789,Monavale - House,harare west,500,120000,3,2
790,"Arlington - House, Townhouse Complex",harare south,300,135000,4,3
793,Vainona - House,harare north,5300,380000,5,2
795,Waterfalls - House,harare south,1100,85000,4,1
798,Zengeza - House,chitungwiza,250,26000,4,1
799,Marimba Park - House,harare high density,800,120000,3,4
800,Kambanji - House,harare north,4000,800000,6,5
801,Shawasha Hills - House,harare north,4047,360000,6,2
803,Rusape - House,rusape,300,16000,2,1
804,Colne Valley - House,harare north,4000,2600000,5,3
805,Budiriro - House,harare high density,300,35000,2,1
809,"Chinhoyi - House, House",chinhoyi,2000,180000,8,4
810,Zimre Park - House,harare east,1046,130000,3,2
812,Mt Pleasant Heights - House,harare west,4001,450000,5,4
815,Arcturus - House,arcturus,60705,780000,5,3
816,Kuwadzana - House,harare high density,246,40000,2,2
827,Tynwald - House,harare west,189,42000,4,2
828,Bindura - House,bindura,1710,165000,5,3
830,Crowhill Views - House,harare north,1000,200000,4,2
831,Kariba - House,kariba,300,39000,4,1
832,Budiriro - House,harare high density,300,28000,2,1
834,"Gunhill - House, Townhouse Complex",harare north,2385,230000,4,3
837,Highlands - House,harare north,3100,320000,5,2
839,Highlands - House,harare north,7102,700000,4,2
840,Glaudina - House,harare west,358,65000,3,2
843,Crowhill Views - House,harare north,1000,55000,4,2
844,Mandara - House,harare east,4002,450000,4,2
845,Greystone Park - House,harare north,4139,290000,3,1
846,Greendale - House,harare east,4000,250000,4,2
847,Chitungwiza - House,chitungwiza,200,25000,3,1
848,Glen Norah - House,harare high density,325,52000,5,3
849,Mandara - House,harare east,4070,390000,4,3
850,Belgravia - House,harare north,2704,800000,4,3
851,Greystone Park - House,harare north,4047,600000,2,3
853,"Sandton Park - House, House",harare west,1100,57000,3,1
854,Barham Green - House,bulawayo south,852,60000,3,1
855,Kuwadzana - House,harare high density,130,27000,3,1
856,Mount Pleasant Heights - House,harare north,2000,210000,4,3
859,Ballantyne Park - House,harare north,500,269999,3,3
860,Glen View - House,harare high density,300,35000,3,1
862,Chitungwiza - House,chitungwiza,300,40000,4,2
863,Highfield - House,harare high density,380,34800,5,2
865,Arlington - House,harare south,2002,129000,4,3
866,"Kariba - House, House",kariba,875,150000,3,2
867,Northend - House,bulawayo north,1685,55000,3,1
869,Greendale - House,harare east,3845,260000,4,2
870,Fortunes Gate - House,bulawayo east,4000,120000,2,2
871,"Bluff Hill - House, Townhouse Complex",harare west,500,165000,3,3
872,Mainway Meadows - House,harare south,542,90000,4,2
873,Glen Lorne - House,harare north,4000,350000,5,4
874,Borrowdale Brooke - House,harare north,2300,1000000,5,3
875,"Barham Green - House, House",bulawayo south,793,68000,3,1
878,Budiriro - House,harare high density,307,30000,5,1
880,Borrowdale - House,harare north,3000,380000,8,1
883,Northwood - House,harare north,4052,320000,6,3
884,Glen Lorne - House,harare north,4000,840000,4,4
885,Mabvuku - House,harare high density,390,20000,3,1
889,Glen View - House,harare high density,350,46000,5,2
890,Kumalo - House,bulawayo east,4688,315000,4,3
892,Kumalo - House,bulawayo east,3296,325000,4,2
893,Dangamvura - House,mutare,300,26000,4,2
898,Ruwa - House,ruwa,2401,129000,4,2
899,Chisipite - House,harare north,4195,835000,5,3
902,Westgate - House,harare west,980,120000,2,1
903,Mandara - House,harare east,2000,230000,4,2
907,Greystone Park - House,harare north,4600,300000,3,2
908,Mt Pleasant Heights - House,harare west,1800,215000,4,3
909,Glen Lorne - House,harare north,28328,2300000,6,6
911,Rolf Valley - House,harare north,4047,370000,5,3
913,Murambi - House,mutare,4251,280000,4,2
914,Eastlea - House,harare east,1558,300000,6,4
915,Mainway Meadows - House,harare south,678,100000,5,3
924,Tafara - House,harare high density,211,50000,3,2
925,Northend - House,bulawayo north,1338,70000,3,1
931,Burnside - House,bulawayo east,8069,280000,4,3
932,Mufakose - House,harare high density,300,29000,7,1
933,Zengeza - House,chitungwiza,250,35000,3,1
937,Nkwisi Gardens - House,harare west,500,52000,3,1
938,Charlotte Brooke - House,harare north,2000,60000,4,2
939,Ruwa - House,ruwa,200,30000,3,2
943,Kumalo - House,bulawayo east,2465,170000,3,2
949,Tynwald - House,harare west,400,109000,4,2
953,Mainway Meadows - House,harare south,540,80000,3,1
957,Burnside - House,bulawayo east,4044,485000,3,2
959,Glen Lorne - House,harare north,4300,800000,4,5
961,Rhodene - House,masvingo,3020,95000,3,2
970,Westgate - House,harare west,4000,160000,6,2
973,Southview Park - House,harare south,240,41000,3,2
975,Eastlea - House,harare east,1558,200000,4,1
976,Kumalo - House,bulawayo east,2693,230000,4,4
977,Hatcliffe - House,harare high density,1016,48000,5,1
978,Ruwa - House,ruwa,400,85000,4,2
979,Glen View - House,harare high density,200,28000,4,1
981,Rusape - House,rusape,18462,100000,3,2
982,Morningside - House,mutare,1835,127000,3,1
986,Killarney - House,bulawayo east,5768,150000,5,3
987,Mabelreign - House,harare west,4047,195000,3,1
988,Ruwa - House,ruwa,504,45000,4,2
990,Budiriro - House,harare high density,300,35000,3,1
991,Cold Comfort - House,harare west,472,69000,4,2
992,Suburbs - House,bulawayo east,3172,350000,4,2
993,Strathaven - House,harare west,500,180000,4,1
997,Prospect - House,harare south,2203,110000,3,2
998,Hillside - House,bulawayo south,4047,135000,4,2
999,Bellevue - House,bulawayo south,2975,78000,3,1
1000,Avonlea - House,harare west,1400,180000,4,2
1003,Waterfalls - House,harare south,200,32000,3,1
1004,Chitungwiza - House,chitungwiza,300,32000,5,1
1005,Philadelphia - House,harare north,12000,1100000,6,5
1006,Pomona - House,harare north,2000,225000,4,2
1007,Burnside - House,bulawayo east,4121,150000,4,2
1009,Domboshawa - House,domboshawa,325,13000,3,1
1010,Ruwa - House,ruwa,300,31000,5,2
1011,Ruwa - House,ruwa,406,70000,3,3
1015,Mount Pleasant - House,harare north,4714,350000,5,4
1016,Vainona - House,harare north,2200,400000,4,5
1017,Ballantyne Park - House,harare north,4021,730000,3,2
1020,Marondera - House,marondera,1300,97000,4,3
1021,Glaudina - House,harare west,375,65000,3,2
1022,"Kensington - House, Townhouse Complex",harare west,4201,180000,2,1
1024,Budiriro - House,harare high density,300,40000,3,1
1026,Budiriro - House,harare high density,288,21000,1,1
1027,Highfield - House,harare high density,250,28000,3,1
1028,Greystone Park - House,harare north,8000,790000,7,5
1029,Highlands - House,harare north,4957,420000,7,2
1030,Mabelreign - House,harare west,900,90000,3,1
1031,Mainway Meadows - House,harare south,588,70000,3,2
1033,Concession - House,concession,450,47000,4,2
1035,Mainway Meadows - House,harare south,500,85000,3,2
1037,Tynwald - House,harare west,400,109000,4,2
1038,Helensvale - House,harare north,4080,310000,5,4
1039,Mount Pleasant - House,harare north,4005,220000,7,6
1040,Hillside - House,bulawayo south,14285,190000,4,2
1042,Glen View - House,harare high density,250,43000,3,2
1044,Borrowdale - House,harare north,8000,1500000,6,6
1045,Morningside - House,bulawayo south,1712,120000,3,2
1046,"Newlands - House, Townhouse Complex",harare north,485,320000,3,3
1048,Fairview - House,harare west,1000,155000,4,2
1049,Tafara - House,harare high density,250,37000,3,1
1051,"Kumalo - House, Townhouse Complex",bulawayo east,700,160000,3,4
1052,Bradfield - House,bulawayo south,779,130000,3,1
1054,Arlington - House,harare south,3350,550000,5,6
1055,Budiriro - House,harare high density,300,35000,2,1
1057,Fairbridge Park - House,mutare,3415,120000,3,1
1059,Richmond - House,bulawayo north,18037,150000,5,1
1065,Greystone Park - House,harare north,4139,300000,3,1
1067,Chitungwiza - House,chitungwiza,200,25000,3,1
1069,"Westgate - House, Townhouse Complex",harare west,500,85000,3,2
1071,Vainona - House,harare north,2200,390000,4,5
1074,Quinnington - House,harare north,14164,850000,4,3
1075,St. Martins - House,harare south,720,115000,3,1
1077,Chitungwiza - House,chitungwiza,3000,14000,3,1
1078,Chitungwiza - House,chitungwiza,2000,37000,2,1
1079,Chitungwiza - House,chitungwiza,450,42000,4,2
1080,Rockview - House,harare east,1000,60000,5,2
1083,Crowhill Views - House,harare north,1000,115000,4,2
1087,Cold Comfort - House,harare west,490,45000,4,2
1089,Gunhill - House,harare north,2385,230000,4,3
1091,Borrowdale - House,harare north,2400,485000,5,3
1092,Vainona - House,harare north,2200,400000,4,5
1095,Glen View - House,harare high density,200,35000,4,1
1098,Mabelreign - House,harare west,1800,125000,3,1
1099,Borrowdale - House,harare north,4000,550000,7,4
1100,Helensvale - House,harare north,2000,360000,4,3
1101,Newlands - House,harare north,4047,580000,4,2
1102,Alexandra Park - House,harare north,4047,850000,4,3
1103,Avondale - House,harare north,2000,290000,3,1
1105,Milton Park - House,harare west,1883,290000,3,2
1106,Mabelreign - House,harare west,1800,115000,3,1
1107,Ruwa - House,ruwa,345,35000,5,1
1108,Hatfield - House,harare south,2523,120000,4,2
1113,Chitungwiza - House,chitungwiza,350,30000,4,1
1114,Braeside - House,harare south,600,130000,3,2
1116,Masvingo - House,masvingo,2814,220000,4,2
1117,Mabelreign - House,harare west,982,110000,3,2
1119,Strathaven - House,harare west,2013,160000,3,1
1120,Chadcombe - House,harare south,4100,140000,3,1
1121,Haig Park - House,harare west,835,95000,3,1
1122,Norton - House,norton,1980,50000,3,1
1123,Athlone - House,harare east,4100,280000,4,3
1124,Chitungwiza - House,chitungwiza,300,30000,4,1
1125,Ruwa - House,ruwa,800,90000,3,2
1126,Dawnview Park - House,harare west,400,62000,4,2
1127,Dzivarasekwa - House,harare high density,300,20000,3,1
1129,Hillside - House,bulawayo south,3600,198000,4,3
1130,Southerton - House,harare south,501,85000,4,2
1131,Zengeza - House,chitungwiza,300,35000,3,2
1135,Ruwa - House,ruwa,400,60000,4,2
1136,Greendale - House,harare east,4100,340000,4,3
1138,Greendale - House,harare east,4500,279000,5,4
1143,Marlborough - House,harare west,3300,190000,3,1
1144,Bluff Hill - House,harare west,300,90000,3,3
1145,Borrowdale - House,harare north,4047,720000,6,7
1146,Braeside - House,harare south,1142,120000,3,1
1147,Pomona - House,harare north,8119,570000,5,3
1153,Gletwin Park - House,harare north,2100,350000,5,4
1154,Mainway Meadows - House,harare south,500,80000,3,2
1155,Borrowdale Brooke - House,harare north,1200,480000,4,3
1158,Victoria Falls - House,victoria falls,4000,550000,5,5
1160,Mufakose - House,harare high density,300,25000,2,1
1162,Greystone Park - House,harare north,4040,535000,5,3
1164,Burnside - House,bulawayo east,4046,115000,2,1
1167,Ruwa - House,ruwa,400,35000,4,3
1170,Waterfalls - House,harare south,1000,95000,3,1
1171,Ruwa - House,ruwa,400,70000,3,3
1172,Ruwa - House,ruwa,480,75000,4,3
1173,Mainway Meadows - House,harare south,540,55000,4,2
1174,Mutare CBD - House,mutare,1672,110000,4,2
1175,Tynwald - House,harare west,200,65000,3,3
1176,"Hatfield - House, Townhouse Complex",harare south,1000,70000,2,1
1183,Mabelreign - House,harare west,1000,95000,3,1
1187,Manyame Park - House,chitungwiza,300,35000,3,2
1188,Mabelreign - House,harare west,900,105000,3,2
1189,Zengeza - House,chitungwiza,300,38000,4,1
1191,Belvedere - House,harare west,1350,197000,4,2
1193,Msasa Park - House,harare south,550,22000,3,2
1194,Strathaven - House,harare west,1239,240000,3,2
1196,Msasa Park - House,harare south,404,55000,3,1
1199,Eastlea - House,harare east,1581,250000,7,3
1201,Budiriro - House,harare high density,300,45000,5,2
1202,Emerald Hill - House,harare west,4277,260000,5,3
1203,Budiriro - House,harare high density,320,25500,2,1
1209,"Greendale - House, Townhouse Complex",harare east,500,110000,2,3
1212,Haydon Park - House,harare west,808,90000,2,2
1213,Matsheumhlope - House,bulawayo east,8094,230000,4,2
1214,Cold Comfort - House,harare west,2753,90000,3,1
1215,Borrowdale Brooke - House,harare north,1283,420000,4,3
1216,Sentosa - House,harare west,1836,120000,3,2
1217,Tynwald - House,harare west,400,100000,4,2
1220,Borrowdale - House,harare north,3000,480000,8,6
1221,Chadcombe - House,harare south,4400,160000,3,1
1222,Budiriro - House,harare high density,350,40000,4,1
1223,Ruwa - House,ruwa,449,87000,3,2
1226,Eastlea - House,harare east,1190,200000,3,2
1227,Borrowdale Brooke - House,harare north,5190,2200000,6,4
1230,Kambuzuma - House,harare high density,200,33000,4,2
1235,Park Meadowlands - House,harare south,3000,125000,6,3
1237,Madokero - House,harare west,420,108000,4,2
1247,Westlea - House,harare west,700,190000,8,4
1248,Manyame Park - House,chitungwiza,279,35000,3,1
1249,Greystone Park - House,harare north,4047,270000,4,2
1250,Waterfalls - House,harare south,1500,110000,4,2
1251,Sentosa - House,harare west,1150,115000,3,1
1252,Windsor Park - House,ruwa,2934,130000,4,3
1257,Philadelphia - House,harare north,4050,240000,4,1
1258,Bluff Hill - House,harare west,3557,250000,4,3
1259,Bluff Hill - House,harare west,2000,140000,4,2
1264,Budiriro - House,harare high density,300,18000,1,1
1270,Avondale - House,harare north,1100,160000,4,2
1272,Greendale - House,harare east,4263,340000,4,2
1273,Chikanga - House,mutare,312,18500,4,2
1276,Crowhill Views - House,harare north,1000,170000,4,5
1277,Manresa - House,harare east,2000,210000,5,4
1280,Dzivarasekwa - House,harare high density,300,18000,2,1
1282,Parklands - House,bulawayo east,2000,110000,4,2
1283,Budiriro - House,harare high density,450,48000,4,2
1284,Pelandaba - House,bulawayo high density,400,25000,5,1
1285,Madokero - House,harare west,400,90000,3,1
1290,Dzivarasekwa - House,harare high density,200,20000,2,1
1291,Borrowdale Brooke - House,harare north,2766,750000,5,4
1292,Cranborne - House,harare south,714,100000,3,1
1293,Beatrice - House,beatrice,1300,45000,4,1
1295,Mt Pleasant Heights - House,harare west,1800,210000,5,4
1296,Greystone Park - House,harare north,4041,760000,5,6
1297,Quinnington - House,harare north,4047,1200000,5,5
1298,Glen Lorne - House,harare north,4000,350000,3,4
1299,Burnside - House,bulawayo east,5338,530000,3,2
1300,Chegutu - House,chegutu,325,35000,5,1
1301,"Hume Park - House, Townhouse Complex",bulawayo east,4272,80000,2,2
1303,Budiriro - House,harare high density,300,35000,4,1
1304,Mount Pleasant Heights - House,harare north,2000,210000,4,1
1306,Borrowdale Brooke - House,harare north,13865,650000,4,3
1310,Zengeza - House,chitungwiza,200,30000,2,1
1311,Damofalls - House,damofalls,370,34000,3,2
1313,Borrowdale - House,harare north,4000,180000,4,3
1314,Christon Bank - House,christon bank,16000,850000,4,4
1319,Philadelphia - House,harare north,5441,665000,5,5
1325,Waterfalls - House,harare south,2000,150000,5,2
1328,Alexandra Park - House,harare north,4239,780000,4,2
1329,"Arlington - House, Townhouse Complex",harare south,460,135000,3,2
1330,Madokero - House,harare west,475,90000,4,3
1332,"Arlington - House, Townhouse Complex",harare south,380,135000,4,3
1333,Chadcombe - House,harare south,1872,185000,5,3
1334,Marlborough - House,harare west,1350,200000,3,2
1337,Highlands - House,harare north,4658,395000,3,1
1339,Southlea Park - House,harare south,200,23000,3,2
1340,Borrowdale - House,harare north,2500,510000,6,6
1344,Mabelreign - House,harare west,970,75000,3,2
1345,Southview Park - House,harare south,300,27000,3,2
1349,Springvale - House,ruwa,300,56000,3,2
1350,Mainway Meadows - House,harare south,544,90000,4,2
1351,Mandara - House,harare east,4040,450000,3,3
1352,Emerald Hill - House,harare west,1003,250000,6,3
1353,Ashdown Park - House,harare west,1000,130000,3,3
1354,Northwood - House,harare north,4047,590000,5,3
1356,Msasa Park - House,harare south,442,70000,3,1
1357,Matsheumhlope - House,bulawayo east,4027,145000,3,1
1358,Highmount - House,bulawayo north,3653,100000,4,1
1359,Cranborne - House,harare south,750,100000,3,2
1361,Norton - House,norton,2000,50000,3,2
1362,Borrowdale Brooke - House,harare north,1458,860000,4,4
1363,Colne Valley - House,harare north,4047,450000,3,2
1365,Emerald Hill - House,harare west,2008,230000,5,2
1366,Borrowdale - House,harare north,4111,350000,4,2
1367,Highlands - House,harare north,4500,400000,4,2
1368,Hillside - House,harare south,1174,125000,3,1
1370,Chipinge - House,chipinge,162,15000,2,1
1371,Dangamvura - House,mutare,300,21000,4,1
1372,St. Marys - House,chitungwiza,240,14000,2,1
1373,Palm Erston - House,mutare,320,45000,4,2
1374,Bordervale - House,mutare,1539,96000,4,3
1375,Vainona - House,harare north,4000,350000,4,2
1376,New Marlborough - House,harare west,1000,65000,2,1
1377,Damofalls - House,damofalls,300,30000,4,2
1379,Belvedere - House,harare west,1517,190000,4,2
1380,Chinhoyi - House,chinhoyi,2500,85000,4,2
1381,Fitchlea - House,kwekwe,1000,75000,3,2
1382,Madokero - House,harare west,400,75000,3,2
1384,"Chikanga - House, House",mutare,300,48000,3,1
1385,Warren Park - House,harare high density,200,50000,3,2
1386,Mount Pleasant Heights - House,harare north,2152,200000,5,2
1388,Ballantyne Park - House,harare north,4067,320000,4,2
1389,Greendale - House,harare east,2619,230000,4,2
1391,"Avondale West - House, Townhouse Complex",harare west,4000,220000,3,2
1392,Mount Pleasant Heights - House,harare north,2152,200000,5,3
1393,Greendale - House,harare east,3645,210000,4,2
1394,Mount Pleasant - House,harare north,4000,370000,5,3
1395,"Marimba Park - House, Townhouse Complex",harare high density,1300,45000,5,2
1399,Morningside - House,bulawayo south,1590,115000,3,1
1401,Bellevue - House,bulawayo south,5948,75000,3,1
1402,Upper Hillside - House,harare east,1473,200000,3,2
1403,"Greendale - House, Townhouse Complex",harare east,504,197000,3,2
1404,Braeside - House,harare south,964,130000,3,1
1405,Eastlea - House,harare east,1095,300000,4,1
1406,Arcadia - House,harare south,772,75000,3,1
1407,Chirundu - House,chirundu,2797,90000,3,2
1410,The Grange - House,harare north,4047,210000,4,1
1411,Msasa Park - House,harare south,462,70000,6,3
1412,Kariba - House,kariba,2760,150000,3,1
1420,Glen View - House,harare high density,200,24000,3,1
1421,Ryelands - House,harare north,4773,650000,5,3
1422,Damofalls - House,damofalls,320,55000,3,2
1423,"Bluff Hill - House, Townhouse Complex",harare west,500,140000,4,3
1424,Budiriro - House,harare high density,360,42000,4,1
1426,Glaudina - House,harare west,300,60000,4,2
1427,Ardbennie - House,harare south,5051,260000,3,1
1428,Aspindale Park - House,harare west,200,75000,4,2
1429,Ruwa - House,ruwa,800,70000,4,2
1432,Old Windsor - House,ruwa,5000,150000,6,6
1434,Chinhoyi - House,chinhoyi,2000,110000,3,2
1435,Greencroft - House,harare west,1200,115000,3,1
1436,Mainway Meadows - House,harare south,543,90000,4,2
1438,Hatfield - House,harare south,3860,125000,3,1
1439,Greystone Park - House,harare north,4000,260000,4,2
1441,Glen View - House,harare high density,300,35000,4,2
1442,Greendale - House,harare east,5773,290000,3,2
1443,Chadcombe - House,harare south,1551,105000,3,2
1444,Montrose - House,bulawayo south,1231,65000,3,1
1445,"Bluff Hill - House, Townhouse Complex",harare west,400,120000,3,3
1447,Westgate - House,harare west,1083,125000,3,2
1448,Zimre Park - House,harare east,1300,60000,5,2
1450,Norton - House,norton,1800,36000,2,1
1451,Msasa Park - House,kwekwe,1449,69000,3,2
1455,Mount Pleasant - House,harare north,4051,750000,6,6
1460,Zimre Park - House,harare east,800,28000,3,2
1461,Madokero - House,harare west,402,75000,3,2
1467,Chitungwiza - House,chitungwiza,200,30000,4,1
1468,Mainway Meadows - House,harare south,504,92000,4,2
1474,Madokero - House,harare west,475,90000,4,2
1475,Greendale - House,harare east,2200,210000,4,2
1476,St. Marys - House,chitungwiza,274,35000,6,2
1477,Banket - House,banket,2700,60000,3,1
1478,Chinhoyi - House,chinhoyi,4131,325000,4,2
1479,"Crowhill Views - House, Townhouse Complex",harare north,1000,45000,5,3
1480,Eastvale - House,masvingo,1400,110000,3,1
1482,Arcadia - House,harare south,714,90000,3,1
1483,Waterfalls - House,harare south,300,140000,3,1
1485,Matsheumhlope - House,bulawayo east,4047,120000,3,1
1488,Mount Pleasant - House,harare north,4400,300000,4,1
1489,Arlington - House,harare south,600,140000,4,3
1491,"Riverside South - House, Townhouse Complex",bulawayo east,8000,330000,3,2
1492,Sauerstown - House,bulawayo north,3000,55000,3,1
1493,Matsheumhlope - House,bulawayo east,1000,150000,4,2
1494,Borrowdale - House,harare north,4067,680000,5,4
1495,New Marlborough - House,harare west,600,140000,4,3
1498,Mabvuku - House,harare high density,150,14000,1,1
1499,Old Windsor - House,ruwa,2000,110000,5,3
1500,Mandara - House,harare east,4476,220000,3,2
1502,Bluff Hill - House,harare west,400,120000,3,3
1503,Richmond - House,bulawayo north,9648,99000,4,2
1504,Aspindale Park - House,harare west,200,75000,3,2
1505,Banket - House,banket,300,23000,3,2
1507,Morningside - House,mutare,2679,180000,5,2
1508,Riverside South - House,bulawayo east,8094,330000,3,2
1510,KweKwe - House,kwekwe,4408,80000,4,2
1513,"Bulawayo City Centre - House, Townhouse Complex",bulawayo cbd industrial,694,160000,3,1
1514,"Borrowdale - House, Townhouse Complex",harare north,700,155000,3,2
1515,Borrowdale - House,harare north,4047,230000,4,2
1521,Pomona - House,harare north,2000,105000,4,2
1522,Ruwa - House,ruwa,612,55000,4,3
1523,"Marlborough - House, Townhouse Complex",harare west,400,200000,3,3
1524,Sizinda - House,bulawayo high density,388,18000,4,1
1525,Marimba Park - House,harare high density,800,90000,3,1
1526,"Highlands - House, Townhouse Complex",harare north,420,225000,2,2
1527,Chegutu - House,chegutu,300,35000,4,2
1531,Ballantyne Park - House,harare north,4047,680000,4,3
1533,Hogerty Hill - House,harare north,4500,350000,4,4
1536,"Marlborough - House, Townhouse Complex",harare west,4000,200000,3,4
1539,Waterfalls - House,harare south,4512,140000,3,1
1540,Chitungwiza - House,chitungwiza,200,20000,4,1
1541,Hogerty Hill - House,harare north,5600,875000,6,9
1542,Damofalls - House,damofalls,350,25000,4,2
1545,Waterfalls - House,harare south,445,85000,3,3
1547,Rockview - House,harare east,1000,70000,4,3
1549,Budiriro - House,harare high density,300,25000,2,1
1551,Tynwald - House,harare west,200,40000,4,2
1555,Greendale - House,harare east,2000,200000,3,1
1556,Glen View - House,harare high density,350,40000,4,1
1558,New Marlborough - House,harare west,466,130000,3,3
1560,Montrose - House,bulawayo south,1000,80000,4,3
1561,Hillside - House,bulawayo south,4047,180000,3,2
1562,KweKwe - House,kwekwe,3237,198000,5,2
1563,Damofalls - House,damofalls,644,28000,4,1
1566,Upper Hillside - House,harare east,1249,160000,3,1
1567,KweKwe - House,kwekwe,300,28000,3,1
1568,"Marlborough - House, Townhouse Complex",harare west,1000,195000,3,4
1569,Pomona - House,harare north,2100,100000,4,4
1570,Highlands - House,harare north,1500,300000,5,2
1571,Rydale Ridge - House,harare high density,300,45000,5,2
1572,Mount Pleasant Heights - House,harare north,2000,125000,3,1
1575,Ballantyne Park - House,harare north,4067,680000,4,3
1577,Kumalo - House,bulawayo east,2709,275000,7,5
1580,Tynwald - House,harare west,400,96000,4,2
1582,Colne Valley - House,harare north,3992,2500000,5,4
1583,Warren Park - House,harare high density,200,38000,3,1
1584,Colne Valley - House,harare north,4065,400000,5,3
1587,Zengeza - House,chitungwiza,200,17000,2,1
1591,Chitungwiza - House,chitungwiza,200,28000,4,2
1592,"Tynwald - House, Townhouse Complex",harare west,200,53000,2,2
1594,Colne Valley - House,harare north,4000,700000,4,3
1600,Mount Pleasant Heights - House,harare north,2477,225000,4,3
1601,Norton - House,norton,3409,69000,3,2
1602,Killarney - House,bulawayo east,4059,130000,4,1
1604,Sally Mugabe Heights - House,harare north,2000,28000,1,1
1605,Dzivarasekwa - House,harare high density,300,12000,2,2
1606,Tynwald - House,harare west,300,38000,4,2
1608,Nkwisi Gardens - House,harare west,322,56000,3,2
1610,Chitungwiza - House,chitungwiza,300,35000,4,1
1612,Prospect - House,harare south,1882,120000,3,2
1613,"Highlands - House, Townhouse Complex",harare north,500,250000,3,3
1615,Mabelreign - House,harare west,1100,75000,4,2
1616,Glen View - House,harare high density,250,35000,4,1
1618,Chisipite - House,harare north,4247,795000,5,4
1620,Zengeza - House,chitungwiza,300,35000,3,1
1621,Four Winds - House,bulawayo south,4800,155000,4,3
1622,Borrowdale - House,harare north,5600,895000,6,8
1623,"Philadelphia - House, Townhouse Complex",harare north,300,280000,3,3
1625,Sauerstown - House,bulawayo north,1300,70000,4,1
1626,Borrowdale Brooke - House,harare north,4500,450000,7,3
1628,Budiriro - House,harare high density,400,20000,2,1
1632,Mahatshula - House,bulawayo north,600,60000,3,2
1633,Colne Valley - House,harare north,4040,690000,3,2
1634,"Chiredzi - House, Townhouse Complex",chiredzi,3200,170000,3,2
1635,Murambi - House,mutare,12000,500000,5,3
1637,"Greendale - House, Townhouse Complex",harare east,4000,200000,4,3
1640,"Bluff Hill - House, Townhouse Complex",harare west,500,190000,3,3
1644,Arcadia - House,harare south,714,100000,3,1
1647,Domboshawa - House,domboshawa,3500,50000,5,4
1648,Victoria Falls - House,victoria falls,490,67000,3,2
1649,Mainway Meadows - House,harare south,400,75000,3,2
1651,"Newlands - House, Townhouse Complex",harare north,4047,160000,2,2
1663,Highfield - House,harare high density,400,35000,4,1
1664,Adylinn - House,harare west,1000,80000,2,1
1665,"Hatfield - House, Townhouse Complex",harare south,250,121000,3,2
1666,Borrowdale - House,harare north,2000,750000,6,7
1667,Madokero - House,harare west,407,115000,3,2
1669,Victoria Falls - House,victoria falls,4300,450000,3,1
1675,Mandara - House,harare east,4000,310000,4,2
1676,Kumalo - House,bulawayo east,3432,195000,3,2
1678,Budiriro - House,harare high density,300,45000,6,2
1679,Ruwa - House,ruwa,400,48000,4,2
1681,"Paddonhurst - House, House",bulawayo north,516,65000,3,1
1683,Zvishavane - House,zvishavane,450,55000,5,4
1684,Kuwadzana - House,harare high density,200,29000,3,1
1685,Southview Park - House,harare south,250,40000,3,2
1686,Belgravia - House,harare north,3331,950000,6,5
1687,Highlands - House,harare north,5000,420000,7,2
1688,Sunway City - House,harare east,3291,75000,6,2
1691,Southerton - House,harare south,672,63000,2,1
1693,Burnside - House,bulawayo east,16188,195000,4,3
1694,Zengeza - House,chitungwiza,200,23500,4,1
1695,Ryelands - House,harare north,4108,750000,5,3
1696,Ruwa - House,ruwa,1326,75000,5,2
1697,Greystone Park - House,harare north,4047,450000,6,5
1701,Borrowdale Brooke - House,harare north,1303,750000,5,4
1703,Manyame Park - House,chitungwiza,250,26000,4,1
1704,Glen View - House,harare high density,200,38000,3,2
1705,Prospect - House,harare south,2207,128000,3,2
1707,Mount Pleasant Heights - House,harare north,2200,230000,5,4
1708,Ruwa - House,ruwa,576,105000,5,3
1709,Mount Pleasant - House,harare north,4000,450000,5,2
1713,Borrowdale - House,harare north,4047,195000,4,2
1715,Sandton Park - House,harare west,1200,55000,5,2
1720,Norton - House,norton,2200,60000,2,2
1721,Kumalo - House,bulawayo east,2693,300000,6,3
1722,Manresa - House,harare east,3816,120000,3,2
1724,Dzivarasekwa - House,harare high density,200,10000,5,1
1727,Bradfield - House,bulawayo south,779,130000,4,1
1728,Hatcliffe - House,harare high density,1400,50000,3,2
1732,Marondera - House,marondera,380,32000,4,2
1733,Glen View - House,harare high density,200,27000,4,1
1734,Newlands - House,harare north,4147,680000,4,3
1735,Hatcliffe - House,harare high density,300,15000,2,1
1738,Burnside - House,bulawayo east,20235,350000,4,3
1739,Chitungwiza - House,chitungwiza,220,25000,4,1
1740,Glaudina - House,harare west,375,30000,3,2
1741,Crowborough - House,harare high density,200,50000,4,2
1745,Mainway Meadows - House,harare south,540,90000,3,1
1747,Mufakose - House,harare high density,300,38000,4,1
1750,"Avondale West - House, Townhouse Complex",harare west,200,220000,3,2
1751,Murambi - House,mutare,4141,525000,4,3
1752,"Marlborough - House, Townhouse Complex",harare west,623,140000,3,3
1753,Madokero - House,harare west,407,115000,4,3
1754,Concession - House,concession,2400,75000,4,2
1755,Glen View - House,harare high density,300,42000,4,2
1757,Strathaven - House,harare west,1000,200000,3,2
1760,"Greendale - House, Townhouse Complex",harare east,4047,205000,4,2
1761,Parktown - House,harare south,1000,118000,4,2
1763,Budiriro - House,harare high density,300,38000,5,2
1769,Helensvale - House,harare north,1927,420000,5,5
1770,Borrowdale - House,harare north,4072,350000,4,2
1771,Msasa Park - House,harare south,420,59000,2,1
1776,Hillside - House,bulawayo south,1385,90000,3,1
1778,Manyame Park - House,chitungwiza,200,26000,4,2
1779,Southerton - House,harare south,675,120000,3,2
1780,Burnside - House,bulawayo east,20235,350000,3,3
1782,Southview Park - House,harare south,370,60000,3,2
1783,Suburbs - House,bulawayo east,1487,280000,3,3
1784,Burnside - House,bulawayo east,20235,350000,3,2
1786,Mainway Meadows - House,harare south,540,110000,4,2
1793,Waterfalls - House,harare south,650,78000,5,2
1794,Waterfalls - House,harare south,500,65000,4,2
1796,Mainway Meadows - House,harare south,450,80000,4,2
1799,"Greendale North - House, Townhouse Complex",harare north,500,240000,3,2
1800,Morningside - House,bulawayo south,1815,135000,3,2
1801,Budiriro - House,harare high density,300,37000,5,1
1802,Glen Norah - House,harare high density,367,53000,4,2
1803,Bluff Hill - House,harare west,500,115000,3,2
1804,"Riverside South - House, Townhouse Complex",bulawayo east,2379,330000,3,2
1809,Glen Lorne - House,harare north,4000,195000,4,2
1812,Zengeza - House,chitungwiza,450,42000,3,2
1813,Glen Lorne - House,harare north,9499,500000,4,3
1814,Chikanga - House,mutare,306,27000,4,1
1815,Zengeza - House,chitungwiza,135,27000,3,1
1818,"Avondale West - House, Townhouse Complex",harare west,475,220000,3,2
1819,Morningside - House,bulawayo south,1815,140000,3,2
1821,Norton - House,norton,208,21000,3,1
1822,Budiriro - House,harare high density,368,46000,4,1
1823,Kariba - House,kariba,5800,220000,4,2
1827,Hillside - House,bulawayo south,1000,85000,3,1
1828,Nkulumane - House,bulawayo high density,600,27000,3,2
1832,Budiriro - House,harare high density,300,35000,2,1
1835,Glaudina - House,harare west,800,72000,3,1
1836,Kambanji - House,harare north,4075,350000,5,3
1839,Glen Lorne - House,harare north,4110,300000,5,3
1840,"Prospect - House, House",harare south,500,60000,3,2
1841,Hatcliffe - House,harare high density,500,18500,2,1
1842,Ruwa - House,ruwa,32376,280000,4,2
1843,Hatcliffe - House,harare high density,500,40000,3,2
1845,Ruwa - House,ruwa,350,35000,4,2
1847,Goodhope - House,harare west,1836,75000,4,2
1849,Borrowdale Brooke - House,harare north,4047,2900000,7,7
1852,"Westgate - House, House",harare west,2800,190000,4,1
1853,Waterfalls - House,harare south,4219,350000,5,3
1855,"Newlands - House, Townhouse Complex",harare north,3700,180000,2,2
1858,St. Marys - House,chitungwiza,300,35000,4,1
1859,Zengeza - House,chitungwiza,200,30000,4,1
1860,Madokero - House,harare west,400,105000,4,2
1861,Glen View - House,harare high density,300,65000,4,2
1867,Mount Pleasant Heights - House,harare north,2000,220000,5,2
1869,Famona - House,bulawayo south,2613,230000,4,2
1871,Aspindale Park - House,harare west,200,75000,3,2
1877,Madokero - House,harare west,400,90000,4,2
1881,"Greendale - House, Townhouse Complex",harare east,2000,180000,5,2
1883,Mainway Meadows - House,harare south,540,70000,3,2
1884,Rydale Ridge - House,harare high density,300,35000,4,1
1885,Borrowdale - House,harare north,3624,140000,4,7
1886,Glen Lorne - House,harare north,4047,275000,2,2
1887,Upper Hillside - House,harare east,2200,190000,4,2
1889,Budiriro - House,harare high density,300,30000,3,1
1890,"Cold Comfort - House, House",harare west,400,65000,4,2
1892,Norton - House,norton,2104,120000,5,3
1894,Ruwa - House,ruwa,400,85000,4,2
1895,Greystone Park - House,harare north,1925,390000,5,5
1897,Mount Pleasant - House,harare north,2300,230000,4,2
1898,Hatfield - House,harare south,5500,220000,4,2
1902,Chitungwiza - House,chitungwiza,200,17000,2,1
1903,Southview Park - House,harare south,300,30000,3,1
1904,Chitungwiza - House,chitungwiza,400,45000,4,2
1905,Chitungwiza - House,chitungwiza,300,25000,4,2
1906,Chitungwiza - House,chitungwiza,400,43000,5,2
1907,Newlands - House,harare north,4870,477000,5,3
1910,"Westgate - House, Townhouse Complex, House, Townhouse Complex",harare west,150,89000,3,2
1912,Haydon Park - House,harare west,880,85000,2,2
1914,Newlands - House,harare north,4452,450000,5,4
1916,Zimre Park - House,harare east,512,85000,5,5
1917,Marondera - House,marondera,300,25000,3,2
1918,Fairbridge Park - House,mutare,3081,195000,4,1
1919,Murambi - House,mutare,6939,480000,6,4
1920,Bindura - House,bindura,200,26000,2,1
1921,Chitungwiza - House,chitungwiza,300,26000,4,2
1922,Tynwald - House,harare west,200,40000,4,1
1923,Chitungwiza - House,chitungwiza,300,28000,4,1
1924,Haydon Park - House,harare west,1250,90000,4,3
1925,Chitungwiza - House,chitungwiza,240,26000,5,2
1927,Nketa - House,bulawayo high density,300,30000,4,1
1929,Msasa Park - House,harare south,629,90000,3,2
1930,Glaudina - House,harare west,300,40000,3,1
1931,Upper Hillside - House,harare east,1371,150000,3,2
1933,Gunhill - House,harare north,2000,450000,4,2
1934,Crowborough - House,harare high density,300,40000,3,2
1935,Ruwa - House,ruwa,2300,58000,3,2
1937,Houghton Park - House,harare south,644,85000,4,1
1938,Glen View - House,harare high density,257,48000,3,2
1939,Bulawayo City Centre - House,bulawayo cbd industrial,744,150000,3,2
1940,Waterfalls - House,harare south,465,60000,4,1
1941,Highfield - House,harare high density,400,55000,4,2
1942,Hatcliffe - House,harare high density,300,22000,4,2
1944,Crowborough - House,harare high density,450,43000,5,1
1945,Springvale - House,ruwa,300,65000,3,2
1948,Tynwald - House,harare west,600,80000,3,2
1950,Norton - House,norton,2100,59000,4,2
1952,Marlborough - House,harare west,2400,125000,6,3
1953,"Borrowdale - House, House",harare north,4047,750000,7,8
1954,Chirundu - House,chirundu,3000,20000,3,2
1956,Haydon Park - House,harare west,1631,75000,3,2
1957,"Hogerty Hill - House, Townhouse Complex",harare north,7600,190000,3,2
1958,Eastlea - House,harare east,1254,190000,4,1
1959,Zimre Park - House,harare east,800,118000,6,4
1960,"Hogerty Hill - House, Townhouse Complex",harare north,8094,250000,3,2
1963,"Arlington - House, Townhouse Complex",harare south,500,130000,3,2
1964,"Victoria Falls - House, Townhouse Complex",victoria falls,644,335000,3,2
1965,"Victoria Falls - House, Townhouse Complex",victoria falls,963,550000,3,2
1966,"Victoria Falls - House, Townhouse Complex",victoria falls,244,265000,3,2
1968,"Arlington - House, Townhouse Complex",harare south,250,128000,2,2
1969,Madokero - House,harare west,400,90000,4,2
1970,Borrowdale - House,harare north,4000,200000,4,1
1971,Borrowdale West - House,harare north,2300,238000,4,2
1972,Zengeza - House,chitungwiza,180,28000,4,2
1973,Greystone Park - House,harare north,4000,325000,3,1
1974,Zimre Park - House,harare east,2130,63000,5,2
1975,Msasa Park - House,harare south,629,90000,3,1
1976,"Bluff Hill - House, Townhouse Complex",harare west,600,110000,3,3
1977,Rydale Ridge Park - House,harare west,300,45000,4,2
1982,Greendale - House,harare east,4205,295000,4,3
1984,Ruwa - House,ruwa,400,48000,4,3
1985,Warren Park - House,harare high density,450,50000,5,2
1986,Budiriro - House,harare high density,200,28000,4,1
1988,Budiriro - House,harare high density,200,21000,1,1
1991,Bloomingdale - House,harare west,450,120000,4,2
1992,Bluff Hill - House,harare west,3754,300000,4,3
1993,Ruwa - House,ruwa,450,65000,4,2
1994,Zimre Park - House,harare east,580,75000,4,2
1995,Glen View - House,harare high density,300,35000,3,1
1996,Borrowdale - House,harare north,1700,195000,4,2
1997,"Hogerty Hill - House, Townhouse Complex",harare north,7500,250000,4,3
1998,Avondale - House,harare north,904,140000,3,1
1999,Waterfalls - House,harare south,300,50000,3,1
2000,Entumbane - House,bulawayo north,200,32000,3,2
2001,Sunway City - House,harare east,2080,60000,3,1
2002,"Waterfalls - House, Townhouse Complex",harare south,1000,120000,4,2
2003,Kensington - House,bulawayo east,17000,106000,3,2
2005,Murambi - House,mutare,4251,280000,5,2
2006,Chitungwiza - House,chitungwiza,300,37000,3,2
2010,Ruwa - House,ruwa,300,60000,4,1
2011,Kumalo - House,bulawayo east,2718,160000,4,2
2013,Kadoma - House,kadoma,1681,62000,3,1
2014,Springvale - House,ruwa,300,30000,3,2
2016,Mkoba - House,gweru,416,35000,3,1
2017,Borrowdale West - House,harare north,2257,300000,5,3
2019,Madokero - House,harare west,385,90000,4,2
2020,Chinhoyi - House,chinhoyi,2037,115000,3,2
2025,Hatfield - House,harare south,5500,237000,4,3
2026,Morningside - House,mutare,1960,135000,4,2
2027,Killarney - House,bulawayo east,4000,120000,3,1
2030,Hogerty Hill - House,harare north,700,160000,3,2
2032,Damofalls - House,damofalls,500,50000,4,2
2036,Utopia - House,mutare,2702,120000,3,1
2038,Zengeza - House,chitungwiza,180,35000,3,1
2039,Alexandra Park - House,harare north,3659,350000,5,3
2042,Ruwa - House,ruwa,400,115000,4,2
2043,Eastlea - House,harare east,1200,190000,3,1
2044,"Crowhill Views - House, House",harare north,1200,63000,4,2
2046,"Newlands - House, Townhouse Complex",harare north,400,320000,6,4
2051,"Dzivarasekwa - House, Townhouse Complex",harare high density,300,17500,3,2
2052,Fern valley - House,mutare,11935,120000,5,2
2055,Chadcombe - House,harare south,1900,110000,6,6
2057,Mount Pleasant Heights - House,harare north,2100,135000,6,3
2063,Borrowdale Brooke - House,harare north,5063,2200000,5,4
2066,Shawasha Hills - House,harare north,2100,380000,5,2
2067,"New Marlborough - House, House",harare west,504,135000,3,2
2068,Westgate - House,harare west,500,120000,4,2
2072,Borrowdale - House,harare north,2000,380000,2,2
2075,Waterfalls - House,harare south,4164,145000,3,1
2081,Southview Park - House,harare south,250,55000,4,2
2088,Haydon Park - House,harare west,1200,75000,4,2
2094,Greendale - House,harare east,3523,300000,6,4
2096,Glen Forest - House,harare north,2100,220000,4,3
2098,Glen View - House,harare high density,300,33000,4,1
2099,Budiriro - House,harare high density,400,44000,4,1
2101,Norton - House,norton,3200,65000,3,1
2103,Highfield - House,harare high density,300,40000,5,1
2104,Kuwadzana - House,harare high density,300,38000,4,1
2105,Zimre Park - House,harare east,500,65000,3,1
2106,Strathaven - House,harare west,2000,160000,3,1
2108,Cold Comfort - House,harare west,421,110000,3,2
2109,Glen Lorne - House,harare north,13355,1050000,3,3
2110,"Hillside - House, Townhouse Complex",bulawayo south,400,165000,3,2
2115,"Kariba - House, House",kariba,3000,275000,4,3
2118,"Nyanga - House, Townhouse Complex",nyanga,3200,80000,3,2
2119,Ruwa - House,ruwa,400,45000,3,2
2121,Manyame Park - House,chitungwiza,200,25000,3,1
2123,Prospect - House,harare south,650,75000,4,2
2125,Bindura - House,bindura,1700,150000,5,4
2127,Glen View - House,harare high density,348,24500,3,2
2128,Cold Comfort - House,harare west,400,62000,4,2
2129,Nketa - House,bulawayo high density,325,30000,3,1
2131,Windsor Park - House,ruwa,1472,69000,2,1
2132,Budiriro - House,harare high density,300,45000,4,1
2135,Murambi - House,mutare,4251,280000,4,2
2136,Rockview - House,harare east,1050,37500,3,1
2138,Adelaide Park - House,harare high density,200,22000,2,1
2142,Ruwa - House,ruwa,400,65000,4,2
2143,Mufakose - House,harare high density,372,37000,3,1
2146,Borrowdale - House,harare north,4000,1100000,6,5
2148,New Marlborough - House,harare west,2000,95000,2,1
2149,Chicago - House,kwekwe,5000,180000,5,6
2150,"Fairview - House, Townhouse Complex",harare west,1000,90000,3,1
2156,Shawasha Hills - House,harare north,399,500000,6,3
2157,Glen Norah - House,harare high density,200,24000,2,1
2160,"Waterfalls - House, Townhouse Complex",harare south,500,150000,2,1
2162,Mbizo - House,kwekwe,300,30000,4,2
2163,Borrowdale - House,harare north,4161,300000,4,2
2165,Mahatshula - House,bulawayo north,600,65000,4,2
2168,Kumalo - House,bulawayo east,2758,199000,3,2
2169,Waterfalls - House,harare south,1000,85000,4,2
2173,"Newlands - House, House",harare north,4000,418000,4,3
2174,New Marlborough - House,harare west,540,98000,4,2
2175,Killarney - House,bulawayo east,1000,70000,3,1
2176,Mahatshula - House,bulawayo north,600,65000,4,2
2179,"Helensvale - House, Townhouse Complex",harare north,2000,300000,4,4
2180,Chinhoyi - House,chinhoyi,3315,180000,4,3
2182,Greendale - House,harare east,3800,200000,7,6
2183,Murambi - House,mutare,12869,195000,3,1
2185,Adelaide Park - House,harare high density,200,40000,4,2
2187,Gletwin Park - House,harare north,2000,180000,4,4
2188,Southlea Park - House,harare south,200,16000,5,2
2189,Mandara - House,harare east,4047,260000,3,2
2193,Ruwa - House,ruwa,400,48000,4,2
2194,Golden Acres - House,kwekwe,2000,80000,3,2
2195,"Marlborough - House, Townhouse Complex",harare west,480,200000,3,3
2196,Groom Bridge - House,harare north,4426,340000,5,3
2203,Cold Comfort - House,harare west,500,68000,3,2
2205,Marimba Park - House,harare high density,1200,80000,6,3
2208,Killarney - House,bulawayo east,4449,70000,3,2
2209,Queens Park East - House,bulawayo north,1078,45000,3,1
2210,Ruwa - House,ruwa,240,33000,3,2
2213,Mainway Meadows - House,harare south,702,90000,4,3
2217,Mandara - House,harare east,5735,550000,6,5
2221,Chitungwiza - House,chitungwiza,200,30000,3,2
2223,Sauerstown - House,bulawayo north,3000,62000,3,1
2224,Zengeza - House,chitungwiza,450,25000,4,1
2225,"Marlborough - House, Townhouse Complex",harare west,984,98000,3,2
2226,St. Marys - House,chitungwiza,300,20000,7,1
2228,Highfield - House,harare high density,150,28000,4,2
2231,Kumalo - House,bulawayo east,1200,165000,3,2
2233,"Greendale - House, Townhouse Complex",harare east,500,205000,3,2
2235,New Marlborough - House,harare west,2000,180000,5,2
2237,Kariba - House,kariba,875,150000,3,2
2238,Zimre Park - House,harare east,650,85000,5,2
2240,Chitungwiza - House,chitungwiza,300,25000,3,2
2242,Highlands - House,harare north,5000,420000,6,3
2243,Glen Lorne - House,harare north,5058,1300000,4,3
2249,Ruwa - House,ruwa,545,28000,3,1
2250,Chitungwiza - House,chitungwiza,200,28000,4,1
2251,Ardbennie - House,harare south,566,110000,4,4
2255,Fern valley - House,mutare,8000,240000,4,3
2258,Waterfalls - House,harare south,4164,165000,3,1
2261,"Tynwald - House, Townhouse Complex",harare west,400,63000,2,2
2262,"Tynwald - House, Townhouse Complex",harare west,400,70000,3,2
2264,Chitungwiza - House,chitungwiza,200,30000,4,2
2265,Marlborough - House,harare west,8240,1280000,4,3
2267,Kambuzuma - House,harare high density,200,35000,4,1
2268,Colne Valley - House,harare north,4000,1100000,6,4
2270,Ballantyne Park - House,harare north,4047,750000,3,3
2272,North Trenance - House,bulawayo north,2141,60000,3,1
2273,Ruwa - House,ruwa,2318,65000,3,2
2275,Chinhoyi - House,chinhoyi,2404,80000,4,1
2277,Msasa Park - House,harare south,800,75000,4,2
2282,"Norton - House, Townhouse Complex",norton,1500,250000,7,5
2284,Mainway Meadows - House,harare south,500,80000,3,3
2285,Ashdown Park - House,harare west,587,55000,4,2
2288,Rockview - House,harare east,1000,105000,2,3
2292,Borrowdale - House,harare north,1965,185000,4,3
2293,Banket - House,banket,2800,55000,3,1
2295,Glaudina - House,harare west,2384,63000,6,4
2298,"Avenues - House, Townhouse Complex",harare cbd,300,170000,3,1
2300,Sunning Hill - House,bulawayo east,4047,270000,4,2
2301,Rolf Valley - House,harare north,4048,437000,4,3
2302,Cold Comfort - House,harare west,475,80000,4,2
2304,"Avenues - House, Townhouse Complex, House, Townhouse Complex",harare cbd,400,160000,3,2
2305,Kambuzuma - House,harare high density,200,30000,3,1
2310,Tynwald - House,harare west,300,58000,4,1
2312,Chicago - House,kwekwe,4500,75000,3,2
2313,Mandara - House,harare east,4085,210000,4,2
2314,Haydon Park - House,harare west,808,91000,2,1
2315,Borrowdale Brooke - House,harare north,1200,580000,4,3
2317,Warren Park - House,harare high density,300,50000,4,1
2319,Chitungwiza - House,chitungwiza,300,39500,4,2
2325,Haydon Park - House,harare west,890,85000,2,2
2326,Hatfield - House,harare south,2016,70000,5,3
2330,Zengeza - House,chitungwiza,300,35000,4,1
2339,Nketa - House,bulawayo high density,300,30000,3,1
2340,Avondale - The Ridge - House,harare west,4186,950000,6,6
2341,Tafara - House,harare high density,188,27000,5,1
2344,"Aspindale Park - House, Townhouse Complex",harare west,200,75000,3,1
2346,Mandara - House,harare east,4070,235000,4,2
2348,Chitungwiza - House,chitungwiza,180,35000,3,1
2352,Eastlea - House,harare east,1000,68000,2,1
2358,Hatfield - House,harare south,5400,250000,4,2
2359,Msasa Park - House,harare south,451,65000,3,2
2360,Msasa Park - House,harare south,450,65000,3,1
2363,Redcliff - House,redcliff,1645,65000,4,2
2374,Rockview - House,harare east,1000,105000,3,2
2375,Riverside South - House,bulawayo east,8000,245000,5,3
2376,Budiriro - House,harare high density,262,47000,5,2
2379,Ruwa - House,ruwa,260,35000,3,2
2381,Southlea Park - House,harare south,1000,55000,4,2
2382,Glen View - House,harare high density,279,38000,4,1
2383,Rydale Ridge - House,harare high density,300,26000,3,2
2384,Chisipite - House,harare north,4100,450000,4,2
2386,Fitchlea - House,kwekwe,1487,90000,3,1
2388,Houghton Park - House,harare south,600,75000,3,1
2393,Msuna - House,msuna,4000,98000,3,3
2397,Marlborough - House,harare west,2001,155000,6,3
2398,"Avenues - House, Townhouse Complex",harare cbd,100,180000,4,2
2399,Southview Park - House,harare south,200,35000,3,2
2402,Kadoma - House,kadoma,1500,65000,3,1
2403,Ruwa - House,ruwa,1100,50000,2,1
2406,Zengeza - House,chitungwiza,300,33000,4,2
2411,Glen Lorne - House,harare north,9450,550000,4,2
2413,Bindura - House,bindura,1710,145000,6,5
2415,Bluff Hill - House,harare west,4000,190000,4,2
2416,Madokero - House,harare west,405,50000,4,2
2417,"Ballantyne Park - House, Townhouse Complex",harare north,1000,950000,5,4
2418,Southview Park - House,harare south,240,58000,4,2
2423,Kariba - House,kariba,1022,70000,3,2
2426,Borrowdale - House,harare north,3700,550000,5,4
2427,Glen Lorne - House,harare north,4950,550000,4,2
2430,Nketa - House,bulawayo high density,300,28000,4,1
2431,Zengeza - House,chitungwiza,150,20000,2,1
2432,Umzingwane - House,umzingwane,300,25000,3,1
2433,Cold Comfort - House,harare west,400,85000,3,2
2434,St. Marys - House,chitungwiza,250,26000,4,1
2437,Borrowdale - House,harare north,4000,195000,4,2
2438,Bluff Hill - House,harare west,4000,190000,4,2
2439,Victoria Falls - House,victoria falls,1800,185000,4,5
2442,Shawasha Hills - House,harare north,2100,374000,5,3
2445,Quinnington - House,harare north,1300,270000,3,3
2449,Gletwin Park - House,harare north,8800,950000,4,5
2450,"Bluff Hill - House, Townhouse Complex",harare west,525,200000,3,3
2451,Glen Lorne - House,harare north,4000,450000,5,3
2453,"Hatfield - House, Townhouse Complex",harare south,500,142000,4,2
2454,"Hatfield - House, Townhouse Complex",harare south,500,116000,3,2
2455,Norton - House,norton,3325,55000,2,1
2457,Munda - House,bulawayo south,2,320000,3,2
2459,Chiredzi - House,chiredzi,3200,220000,3,2
2460,Zimre Park - House,harare east,630,95000,3,2
2461,Mandara - House,harare east,4450,230000,5,3
2462,New Marlborough - House,harare west,504,145000,4,3
2464,Kuwadzana - House,harare high density,268,45000,5,1
2466,Glaudina - House,harare west,637,80000,3,1
2467,Lewisam - House,harare north,4000,490000,4,3
2468,Norton - House,norton,2100,65000,4,4
2471,Braeside - House,harare south,1000,130000,3,1
2473,Milton Park - House,harare west,2379,330000,3,2
2474,Rusape - House,rusape,500,30000,3,1
2475,Goodhope - House,harare west,2360,200000,6,4
2476,Kuwadzana - House,harare high density,312,42000,4,1
2478,Zimre Park - House,harare east,650,85000,4,2
2479,Avondale - House,harare north,1200,140000,4,2
2481,Park Meadowlands - House,harare south,3860,140000,3,1
2485,Hillside - House,bulawayo south,2578,165000,3,2
2486,Matsheumhlope - House,bulawayo east,4047,230000,4,2
2487,Morningside - House,bulawayo south,1590,115000,3,1
2489,Mount Pleasant - House,harare north,2034,150000,5,3
2490,Rockview - House,harare east,2000,60000,3,2
2491,Rydale Ridge - House,harare high density,300,53000,3,2
2492,"Hogerty Hill - House, Townhouse Complex",harare north,500,200000,4,2
2493,Glen Lorne - House,harare north,4692,350000,6,4
2494,Ardbennie - House,harare south,400,99999,4,2
2496,Mbizo - House,kwekwe,312,26000,4,1
2500,Woodlands Park - House,gweru,250,25000,3,1
2501,Manresa - House,harare east,2128,69000,3,1
2504,Norton - House,norton,2800,55000,2,2
2506,Glen Lorne - House,harare north,4000,450000,6,5
2508,"Hatfield - House, Townhouse Complex",harare south,500,121000,3,2
2509,Mabelreign - House,harare west,1000,110000,3,1
2510,Arlington - House,harare south,475,95000,3,2
2512,Zimre Park - House,harare east,1000,65000,3,2
2515,Belvedere - House,harare west,2496,280000,5,2
2516,Chisipite - House,harare north,4000,490000,4,3
2517,"Marlborough - House, Townhouse Complex, House, Townhouse Complex",harare west,4000,199999,3,3
2518,Avondale - The Ridge - House,harare west,4000,650000,4,4
2519,Philadelphia - House,harare north,12000,1250000,5,4
2521,Ruwa - House,ruwa,430,60000,4,2
2522,Rolf Valley - House,harare north,8975,1350000,5,3
2523,Westgate - House,harare west,896,115000,6,3
2524,Mabelreign - House,harare west,1837,140000,3,1
2527,Ruwa - House,ruwa,350,63000,4,2
2529,Hatfield - House,harare south,2000,75000,2,1
2534,Kadoma - House,kadoma,830,80000,3,2
2540,Cold Comfort - House,harare west,500,75000,4,2
2541,Goodhope - House,harare west,2360,185000,6,4
2542,Zengeza - House,chitungwiza,300,20000,2,1
2544,"Mandara - House, Townhouse Complex",harare east,2000,270000,4,2
2545,Crowhill Views - House,harare north,1200,70000,7,4
2546,Tynwald - House,harare west,500,80000,4,2
2548,Tynwald - House,harare west,350,90000,4,3
2554,Pelandaba - House,bulawayo high density,225,24000,4,1
2557,"Borrowdale - House, Townhouse Complex",harare north,2000,285000,3,3
2558,Arcadia - House,harare south,750,85000,3,2
2559,Glen Lorne - House,harare north,16188,1100000,5,4
2560,Glen Lorne - House,harare north,10500,320000,4,1
2562,Marondera - House,marondera,2000,65000,5,2
2565,"Ruwa - House, Townhouse Complex",ruwa,2288,150000,8,6
2566,Southlea Park - House,harare south,240,55000,4,1
2567,"Hillside - House, Townhouse Complex",bulawayo south,800,65000,1,1
2568,Helensvale - House,harare north,4000,350000,5,3
2572,Zengeza - House,chitungwiza,200,27000,3,1
2573,Norton - House,norton,4046,140000,6,3
2574,Waterfalls - House,harare south,3800,110000,3,2
2575,Arcadia - House,harare south,850,85000,3,2
2576,Norton - House,norton,2100,70000,4,3
2578,Cowdray Park - House,bulawayo high density,240,18000,2,1
2579,Zimre Park - House,harare east,1000,75000,3,1
2580,Hatfield - House,harare south,4133,125000,5,2
2582,Mabvuku - House,harare high density,360,21000,3,1
2584,Shawasha Hills - House,harare north,2100,370000,5,5
2590,Kumalo - House,bulawayo east,2465,170000,3,2
2594,Gletwin Park - House,harare north,2145,200000,5,1
2595,Zengeza - House,chitungwiza,200,25000,3,1
2597,Manyame Park - House,chitungwiza,300,25000,3,2
2599,Windsor Park - House,ruwa,2000,135000,4,3
2600,Mabelreign - House,harare west,1307,130000,3,1
2604,Zimre Park - House,harare east,800,90000,3,2
2606,"Mabelreign - House, House",harare west,1800,137000,4,2
2607,Kariba - House,kariba,678,62000,3,1
2614,Glen Lorne - House,harare north,2300,250000,4,3
2615,Glen Lorne - House,harare north,2483,350000,8,5
2616,Manyame Park - House,chitungwiza,200,30000,3,2
2617,"Chegutu - House, Townhouse Complex",chegutu,5100,110000,2,1
2618,Mufakose - House,harare high density,500,45000,1,1
2619,Zimre Park - House,harare east,585,60000,3,1
2620,"Damofalls - House, Townhouse Complex",damofalls,200,35000,3,1
2621,Karoi - House,karoi,200,20000,2,1
2622,Hwange - House,hwange,200,25000,2,1
2624,Ruwa - House,ruwa,300,35000,3,2
2627,Tynwald - House,harare west,448,70000,4,2
2631,Nyanga - House,nyanga,3237,75000,3,2
2633,Queensdale - House,harare south,1200,150000,3,2
2634,Shawasha Hills - House,harare north,2100,380000,5,2
2638,Burnside - House,bulawayo east,4046,125000,2,1
2640,Colne Valley - House,harare north,4047,950000,5,6
2651,Marlborough - House,harare west,3300,215000,3,2
2652,Mbizo - House,kwekwe,288,22000,4,1
2653,Southlea Park - House,harare south,200,30000,3,1
2654,Glen Lorne - House,harare north,2485,350000,8,6
2656,Hillside - House,bulawayo south,3900,150000,3,2
2657,"Bulawayo City Centre - House, Townhouse Complex",bulawayo cbd industrial,1000,150000,3,1
2658,"Bulawayo City Centre - House, Townhouse Complex",bulawayo cbd industrial,1800,235000,3,1
2662,Mandara - House,harare east,4159,295000,4,2
2666,Eastlea - House,harare east,1190,250000,3,2
2668,Philadelphia - House,harare north,3800,500000,4,3
2671,Waterfalls - House,harare south,1000,50000,2,1
2678,New Marlborough - House,harare west,2000,90000,2,1
2681,"Hogerty Hill - House, Townhouse Complex",harare north,2200,747000,4,4
2682,Crowborough - House,harare high density,200,45000,2,1
2683,Zimre Park - House,harare east,800,27000,3,2
2684,Westgate - House,harare west,2235,260000,4,3
2685,Glen Norah - House,harare high density,300,35000,4,2
2686,Waterfalls - House,harare south,2100,100000,3,2
2689,"Ballantyne Park - House, Townhouse Complex",harare north,400,1200000,4,4
2690,Damofalls - House,damofalls,400,50000,3,2
2691,Glen View - House,harare high density,332,45000,5,2
2694,Westgate - House,harare west,1000,155000,4,1
2695,Mabelreign - House,harare west,894,120000,4,1
2696,Eastlea - House,harare east,1348,240000,3,2
2698,Tafara - House,harare high density,315,35000,3,2
2700,Parktown - House,harare south,2300,95000,5,1
2701,Kuwadzana - House,harare high density,175,30000,4,2
2702,Mount Pleasant Heights - House,harare north,2000,190000,5,2
2703,Mainway Meadows - House,harare south,428,80000,3,2
2706,Bulawayo City Centre - House,bulawayo cbd industrial,800,350000,2,2
2708,Suburbs - House,bulawayo east,18212,980000,5,6
2709,Tynwald - House,harare west,600,50000,3,2
2710,"Borrowdale - House, House",harare north,4000,310000,4,2
2711,Kuwadzana - House,harare high density,200,25000,2,1
2717,Ruwa - House,ruwa,478,70000,4,2
2718,"Arlington - House, Townhouse Complex",harare south,374,130000,4,2
2719,Marlborough - House,harare west,300,110000,3,2
2720,Milton Park - House,harare west,2700,450000,5,3
2721,"Arlington - Townhouse Complex, House",harare south,500,135000,3,2
2722,"Hillside - Townhouse Complex, House",bulawayo south,7602,160000,3,2
2725,Juliasdale - House,juliasdale,4000,230000,4,3
2730,Ruwa - House,ruwa,778,28000,4,2
2731,Mabelreign - House,harare west,1500,145000,3,2
2732,Westgate - House,harare west,2360,185000,6,4
2734,Philadelphia - House,harare north,4200,1100000,6,6
2736,Mount Pleasant Heights - House,harare north,1860,130000,3,2
2742,"Helensvale - House, House",harare north,4047,338000,4,2
2743,Goromonzi - House,goromonzi,64300,185000,4,2
2747,Bellevue - House,bulawayo south,3000,60000,3,1
2748,Newtown - House,kwekwe,3500,250000,4,3
2749,Alexandra Park - House,harare north,2136,650000,7,7
2751,Pumula South - House,bulawayo high density,250,30000,3,2
2752,Norton - House,norton,2178,40000,4,2
2753,"Marlborough - Townhouse Complex, House",harare west,166,116790,3,2
2756,Mount Pleasant - House,harare north,4047,550000,4,4
2758,Westgate - House,harare west,800,200000,3,2
2759,Milton Park - House,harare west,2716,450000,6,4
2763,"Waterfalls - House, Townhouse Complex",harare south,1000,83000,4,2
2767,"Glen Lorne - House, House",harare north,56650,3200000,5,4
2768,Southerton - House,harare south,700,90000,4,1
2769,Rydale Ridge - House,harare high density,482,75000,5,4
2770,Msasa Park - House,harare south,400,68000,3,1
2777,Eastvale - House,masvingo,1468,100000,3,2
2779,Chitungwiza - House,chitungwiza,300,40000,4,1
2782,Tafara - House,harare high density,250,30000,4,1
2783,Mabvuku - House,harare high density,132,30000,3,1
2785,Avondale - The Ridge - House,harare west,4100,950000,6,4
2786,Waterfalls - House,harare south,4000,175000,4,2
2787,Msasa Park - House,harare south,500,75000,3,1
2788,Shawasha Hills - House,harare north,20000,900000,5,3
2789,"Mandara - House, Townhouse Complex",harare east,2000,270000,4,2
2790,"Borrowdale - House, Townhouse Complex",harare north,2000,375000,4,2
2791,"Waterfalls - House, Townhouse Complex",harare south,1000,75000,3,2
2792,Crowhill Views - House,harare north,500,25000,5,2
2799,Avondale West - House,harare west,1100,140000,4,2
2800,Kadoma - House,kadoma,4237,250000,3,3
2805,Damofalls - House,damofalls,398,30000,3,2
2807,Manyame Park - House,chitungwiza,200,35000,4,2
2808,Zengeza - House,chitungwiza,300,37000,3,1
2811,Glaudina - House,harare west,600,80000,3,1
2815,"Gokwe - House, House",gokwe,1000,25000,3,1
2816,Avondale - The Ridge - House,harare west,4049,750000,5,3
2817,Waterfalls - House,harare south,258,23000,4,2
2821,Mt Pleasant Heights - House,harare west,1900,230000,4,5
2824,Glen View - House,harare high density,2000,55000,4,1
2826,Marlborough - House,harare west,4500,350000,4,2
2827,Gletwin Park - House,harare north,10587,950000,5,3
2829,Ardbennie - House,harare south,500,65000,3,2
2832,Bulawayo City Centre - House,bulawayo cbd industrial,747,140000,3,1
2834,Glen Norah - House,harare high density,200,35000,3,2
2835,Mainway Meadows - House,harare south,540,50000,3,2
2838,Shawasha Hills - House,harare north,2100,400000,5,4
2839,Avondale - The Ridge - House,harare west,4049,750000,4,3
2842,Northwood - House,harare north,4000,400000,4,4
2845,Chitungwiza - House,chitungwiza,200,28000,3,1
2846,Msasa Park - House,harare south,410,80000,3,2
2850,Masvingo - House,masvingo,2090,135000,4,2
2852,Avondale - The Ridge - House,harare west,4047,597000,3,2
2856,Avondale - House,harare north,4000,750000,5,3
2858,Hatfield - House,harare south,2800,150000,6,4
2861,Aspindale Park - House,harare west,200,65000,4,2
2863,Greendale North - House,harare north,4000,930000,6,5
2867,Redcliff - House,redcliff,2144,75000,3,1
2869,"Kariba - House, Townhouse Complex",kariba,2000,150000,3,2
2870,Alexandra Park - House,harare north,3236,450000,4,2
2871,Fairbridge Park - House,mutare,3000,160000,3,2
2874,Hogerty Hill - House,harare north,58,197000,3,2
2875,Hogerty Hill - House,harare north,77,274000,4,2
2885,Mt Pleasant Heights - House,harare west,2000,160000,5,3
2889,Chitungwiza - House,chitungwiza,250,26000,5,1
2890,Zengeza - House,chitungwiza,320,35000,4,2
2892,Mainway Meadows - House,harare south,500,78000,3,2
2893,Chitungwiza - House,chitungwiza,240,36000,4,2
2896,Budiriro - House,harare high density,300,40000,6,1
2897,Hillside - House,bulawayo south,2578,164000,4,2
2898,Monavale - House,harare west,1000,105000,3,2
2899,Waterfalls - House,harare south,5100,130000,4,2
2900,Rhodene - House,masvingo,4200,100000,8,4
2901,Eastlea - House,harare east,1565,260000,3,1
2902,Hogerty Hill - House,harare north,4600,895000,6,6
2905,Glen View - House,harare high density,200,35000,4,1
2909,"Nyanga - House, House",nyanga,1000,160000,5,2
2910,Zengeza - House,chitungwiza,1000,38000,3,1
2916,Pumula - House,bulawayo high density,250,28000,4,1
2917,Southlea Park - House,harare south,450,38000,5,2
2920,Sandton Park - House,harare west,1200,55000,3,1
2925,Mabvuku - House,harare high density,127,25000,5,1
2927,Hogerty Hill - House,harare north,5600,1117000,6,9
2928,Bloomingdale - House,harare west,500,115000,4,2
2930,Burnside - House,bulawayo east,5280,135000,5,2
2934,Springvale - House,ruwa,808,90000,4,2
2935,Msasa Park - House,harare south,400,68000,3,1
2936,Ridgeview - House,harare west,1800,290000,3,2
2942,Glen Lorne - House,harare north,56658,3200000,5,4
2943,Warren Park - House,harare high density,200,22000,3,1
2944,Chitungwiza - House,chitungwiza,800,25000,4,2
2945,Dzivarasekwa - House,harare high density,400,22000,6,2
2947,Zengeza - House,chitungwiza,200,30000,4,1
2948,Zengeza - House,chitungwiza,300,35000,3,1
2951,Glen Lorne - House,harare north,29431,395000,7,4
2954,Mount Pleasant Heights - House,harare north,5300,140000,5,3
2955,Hillside - House,bulawayo south,2578,164000,4,2
2960,Rydale Ridge - House,harare high density,702,35000,4,3
2961,Eastlea - House,harare east,2008,170000,3,2
2962,Warren Park - House,harare high density,300,50000,4,1
2967,Cold Comfort - House,harare west,400,75000,3,2
2969,Riverside North - House,bulawayo east,4000,140000,3,2
2970,Upper Rangemore - House,bulawayo high density,3500,65000,3,1
2971,Bulawayo City Centre - House,bulawayo cbd industrial,833,85000,3,1
2972,Budiriro - House,harare high density,300,25000,4,2
2975,Mainway Meadows - House,harare south,600,105000,4,2
2977,Crowhill Views - House,harare north,1000,90000,4,2
2979,Kumalo - House,bulawayo east,2390,225000,3,2
2983,Crowhill Views - House,harare north,1400,62000,5,3
2986,Hillside - House,bulawayo south,2578,164000,3,2
2987,Burnside - House,bulawayo east,4000,750000,4,3
2988,Chiredzi - House,chiredzi,4047,75000,3,2
2989,Damofalls - House,damofalls,300,40000,3,2
2990,Damofalls - House,damofalls,300,50000,3,2
2991,Budiriro - House,harare high density,300,21000,1,1
2992,Glaudina - House,harare west,600,75000,3,2
2993,Chiredzi - House,chiredzi,4058,105000,3,1
2994,Paddonhurst - House,bulawayo north,700,70000,3,1
2996,Cowdray Park - House,bulawayo high density,200,15000,3,1
2997,Mabvuku - House,harare high density,300,28000,6,2
2998,"Aspindale Park - House, Townhouse Complex",harare west,10000,60000,2,1
2999,Nehosho - House,gweru,220,22000,2,1
3000,Ruwa - House,ruwa,240,45000,3,1
3001,"Hatfield - House, Townhouse Complex",harare south,1000,100000,3,1
3006,Mt Pleasant Heights - House,harare west,2000,190000,4,5
3011,Glaudina - House,harare west,500,85000,4,2
3012,"Burnside - House, House",bulawayo east,4000,750000,4,3
3014,Rhodene - House,masvingo,3020,95000,3,2
3019,Kumalo - House,bulawayo east,2573,200000,4,3
3020,Chitungwiza - House,chitungwiza,300,32000,3,2
3021,Dangamvura - House,mutare,202,17000,2,1
3022,Redcliff - House,redcliff,2323,65000,3,1
3023,Beitbridge - House,beitbridge,2964,110000,3,1
3025,Hillside - House,bulawayo south,4000,750000,4,2
3027,Killarney - House,bulawayo east,4747,82000,3,2
3032,Kariba - House,kariba,1000,70000,3,2
3033,Highfield - House,harare high density,400,46500,3,1
3037,Norton - House,norton,200,20000,3,1
3038,Norton - House,norton,2000,69000,5,3
3042,Lobengula - House,bulawayo high density,300,32000,3,1
3046,Quinnington - House,harare north,4664,990000,5,5
3048,Chinhoyi - House,chinhoyi,900,60000,3,2
3050,Raffingora - House,raffingora,9234,155000,3,1
3054,Chitungwiza - House,chitungwiza,200,32000,4,2
3057,Northwood - House,harare north,4047,900000,5,5
3059,Raffingora - House,raffingora,5773,135000,3,1
3063,Waterfalls - House,harare south,2200,160000,7,4
3064,Glen Lorne - House,harare north,5100,450000,3,2
3067,Mpopoma - House,bulawayo high density,300,24000,4,1
3071,Morningside - House,bulawayo south,1800,130000,3,1
3072,Southwood - House,kwekwe,1575,45000,4,3
3073,"Mandara - House, Townhouse Complex",harare east,2000,270000,4,3
3075,Windsor Park - House,ruwa,3000,100000,4,2
3078,Cold Comfort - House,harare west,421,85000,6,2
3079,Ruwa - House,ruwa,300,30000,4,2
3081,Matsheumhlope - House,bulawayo east,8000,250000,4,3
3082,Borrowdale - House,harare north,2900,450000,6,6
3084,Bloomingdale - House,harare west,600,110000,4,2
3086,Rusape - House,rusape,1200,40000,3,1
3087,Mount Pleasant Heights - House,harare north,2000,200000,6,4
3088,Southlea Park - House,harare south,215,23000,4,1
3090,Chiredzi - House,chiredzi,5705,70000,3,1
3091,Hwange - House,hwange,2613,95000,4,2
3094,Norton - House,norton,588,50000,3,2
3095,Glaudina - House,harare west,600,65000,3,2
3096,Msasa Park - House,kwekwe,1000,110000,4,2
3099,"Greendale - House, Townhouse Complex",harare east,1847,110000,2,3
3101,"Umwinsidale - House, House",harare north,48564,3400000,5,4
3103,Woodville - House,bulawayo north,624,135000,4,4
3104,Rusape - House,rusape,820,40000,4,2
3105,Budiriro - House,harare high density,400,45000,4,2
3108,"Fairview - House, House",harare west,1664,82000,3,2
3109,Hillside - House,bulawayo south,2000,250000,4,3
3110,Cold Comfort - House,harare west,481,70000,4,2
3111,Kariba - House,kariba,1284,65000,3,2
3112,"Hogerty Hill - House, Townhouse Complex",harare north,700,115000,3,2
3115,"Waterfalls - House, House",harare south,6400,125000,3,2
3116,"Selbourne Park - Townhouse Complex, House",bulawayo east,4047,640000,3,2
3129,Zengeza - House,chitungwiza,200,25000,4,2
3132,Adylinn - House,harare west,995,180000,4,2
3134,"Bindura - House, House",bindura,200,18000,2,1
3148,Hillside - House,bulawayo south,4362,285000,5,3
3150,Dzivarasekwa - House,harare high density,200,28000,3,1
3151,Glen Lorne - House,harare north,56658,3200000,5,3
3154,Beitbridge - House,beitbridge,2508,245000,4,2
3157,Hillside - House,bulawayo south,4002,95000,8,6
3158,Burnside - House,bulawayo east,4047,200000,3,2
3159,Cowdray Park - House,bulawayo high density,200,22000,2,1
3160,Daylesford - House,gweru,4037,45000,4,2
3161,Cowdray Park - House,bulawayo high density,200,25000,3,1
3177,Newlands - House,harare north,4000,450000,5,3
3180,Kumalo - House,bulawayo east,4047,265000,3,3
